Ethylene_glycol_vol_percent,Water_vol_percent,NH4F_wt_percent,Glycerol_vol_percent,HF_vol_percent,Voltage_V,Anodization_time_min,Temperature_anodization_C,Annealing_temperature_C,Annealing_time_min,Substrate_thickness_mm,Substrate_area_cm2,Annealing_atmosphere,Tube_diameter_nm,Tube_length_um,Wall_thickness_nm,Pore_density_pores_per_um2,Anatase_ratio
87.30944149644014,42.28788806415733,0.40212517284812965,27.154900745106257,3.008595154531501,17.848512009150102,304.20389809897677,30.709146715176658,785.3300677046456,24.017620475747528,0.3857850222426741,5.892775102419574,Ar,50.65360508971778,28.953350864843244,30.558244819051836,148.32885075621786,0.7028992698453369
23.005143858336673,41.47964388890936,0.4159544498335628,24.230493148969742,2.391632922147905,97.4699482112704,219.8512572803366,38.907832210439686,713.2541881962536,93.2263629266321,0.36487041357295247,4.641858506728791,None,77.60980480195855,31.89860870431321,29.003300092716767,136.2136496231859,0.8286809897575395
93.27106314981356,20.402526637307915,0.7209958122733925,25.892274609036203,3.597696484533937,95.30496140132341,214.4761745513781,17.8242250947849,235.79973693609676,9.408920341066533,0.48544478612086583,6.684804809809412,None,77.0980196765718,30.956050067946563,37.14617501665316,240.65443942750161,0.09670568918730105
63.7236779143815,33.564676061070394,0.20795694369138223,9.072299341044651,2.2057081052168153,75.81233012627094,392.65720148075314,31.100558946133194,84.73480008023841,10.170583616614701,0.17686925609558124,1.6093483604368588,Ar,66.81593251579027,30.710810251173008,33.505155357855024,132.7634178775705,0.05835149633478081
87.96142234577252,33.625970744251,0.4261779112281505,19.684658417197745,3.158624733051732,78.90758416272965,466.92098165464023,19.881916366325484,441.2904422026562,194.7474526715591,0.202854294689636,8.143605335015813,O2,76.40159975698019,31.162611243877652,35.796223497951694,187.50153245242478,0.5686932181450962
7.125941665800461,0.17574021145899676,0.437317034032774,21.750224351875495,3.676674896913384,18.139493782467138,77.27733043366459,15.666512386515073,91.71787068641741,27.29825649693403,0.47428673294296875,8.880379033808019,Ar,53.89363692360182,20.45153962789027,21.231065154019735,196.66492262957468,0.05032263995379578
22.521830060098292,47.545994907591776,0.1218527886219839,18.756782044547016,1.5486600991506672,39.27180878652716,262.0947853842516,30.357151818698323,627.8771028013825,226.0037543014949,0.43145981791695187,7.094571217550783,Ar,56.5091060501836,30.051641221765024,25.785671201304954,133.36789693155575,0.8769556034058759
23.963319736039857,17.676870076180833,0.3250637290577269,10.60740583668381,3.326097997638323,36.709527211663456,214.43162046134012,25.10721877830108,624.2598887318536,132.4884708802626,0.23827052475144775,1.8873048543899045,O2,62.080854818997146,26.890945261050906,24.168070648282413,167.17479161451337,0.8649314075973586
76.92734954203195,15.885658011778009,0.732102325913814,7.737775071728775,0.7394707222534674,14.030379460193739,85.59031158339765,38.676731186177605,240.23926207780707,130.38911350437863,0.14768576991774013,7.088409139014166,None,45.531318163231006,22.313112149298398,32.02370061316385,199.97433055504183,0.20406741896811284
5.481297092330395,27.68521560803363,0.1876358155631152,0.8316997010603333,4.7866026851753665,48.62047274235047,304.04814286751065,16.946936724329795,263.65679164148446,154.10527654217978,0.14208847321491272,3.1399629077058377,None,56.96595919277499,27.995208002133484,22.362591950156933,185.80653703490762,0.2392410389726749
92.15966839620033,22.993293385849732,0.3548185956157368,20.690998509381473,3.3381103391632445,38.78971141402649,301.1952165871801,26.868607846091358,199.1197454798572,31.358174682519248,0.29766698726704727,5.239284168938083,Air,65.22567040893264,28.619919352251877,32.27854402843655,166.00745195191766,0.15593436088326076
47.41024896425301,9.371442400310375,0.5741702773294272,18.08474996957386,0.9903195567547773,14.354230180246091,207.42393475357753,46.040714874457265,784.2034574680907,134.70028423609122,0.2719588945314406,9.137162539595808,O2,39.06694800594041,25.073550670823554,27.25094698263396,127.97698714721062,0.9101883926046498
79.11235961264123,15.975029901793835,0.14976661663925106,4.360182221382529,0.09989711543109014,28.62643502942852,190.54446207950963,31.197156908224777,650.5503598153647,170.2546554312555,0.3010554097586492,1.771722776180844,O2,48.46069745725472,26.67889071793913,34.14040739008151,137.85245452816633,0.8980136484291195
5.822975658056118,22.733228322298405,0.20032236751318783,28.41813497577858,2.629026119775105,99.7754173808881,188.7920881880784,26.209706216689725,416.8523144384175,31.043933269725727,0.42234837275028214,3.1643264806080085,Air,76.96605935640501,30.586695670023857,28.71912038326757,158.02383336482632,0.33632171354747775
87.27333301130983,43.09548666762628,0.8371602095875395,25.94052180389636,1.8740103159353305,49.882240566407965,171.9899369504617,42.138838532793244,424.36320934073103,114.56992987434288,0.13172164088272476,8.08808422797427,N2,54.69948642860667,28.90180244236919,34.63269878270755,199.6766497880814,0.42885641196383517
46.13598374929533,10.579379158054941,0.4031471895660993,19.14161629134637,3.261486360380852,37.96244261514747,273.5952402457321,11.441236669524727,402.0647341484472,8.956940989758886,0.3187763433221905,1.890222996107183,O2,62.85285567605283,26.679828302018485,26.35573874439353,208.62347350049703,0.23227795955693112
38.44933934738152,12.298574701273097,0.24401862550715303,23.34720467943304,0.39019932095588516,79.4427222663131,50.872731478028754,16.715847256416417,193.47896113472186,91.88274256215949,0.4696415639784508,8.088671376539615,N2,67.04124924408127,21.996653163443874,32.03847930597439,178.65270622630158,0.2990930999264001
58.95838564387752,42.59024424822526,0.6232525433193974,23.660774079298616,2.8462378208991304,28.308399093108527,472.63111297682207,31.718174232554244,259.36930431158373,94.82458742410637,0.34784874782728836,9.202759538639004,None,56.42346933390495,28.435677648140672,27.509584644437663,177.96880391542456,0.2334831538134708
61.443069224029735,16.84309739687688,0.5944745486079812,24.422298021940964,0.5393980070595866,94.98482062541113,464.07302110850395,18.752575533843114,409.94339159548963,79.42094414411507,0.2613327477431836,9.02560298497497,None,73.95521612267295,30.472046641923317,36.25251402086261,214.29778413137592,0.3722755512991436
97.27681208629676,6.547427600308592,0.2925641044852617,10.895186553820288,1.892666996268359,48.24897072590005,460.38794978933583,13.46613122494114,123.21759255056594,198.5994707553061,0.22458133401076924,1.3450847709390423,Air,63.3232121864179,26.45856945888526,36.16746882751025,187.05958436798275,0.30252517245580984
23.60669589314366,23.05897025526289,0.12302332585274184,1.8654930073772302,3.202163142439374,60.43040273072726,298.4407603604804,12.259761970206412,600.2889166596035,217.00085634007226,0.4889623836143676,5.820213603094345,Ar,69.7749552193055,28.372870173839825,25.83359812454701,194.1142059478975,0.8446545903990984
47.905088276235006,34.03400532417159,0.15572062996770425,1.1554738399203968,0.388143603632215,49.453383304981436,175.20528408728427,20.972756524932056,158.88387461470668,166.56762403728754,0.11246118762578027,4.297572884343127,N2,55.54374232252657,27.700304568313936,31.929343878738667,163.3320939762245,0.3012006421377008
45.12422733204402,41.30376561031498,0.43079172572247726,3.78517577765162,3.4021741719023173,64.65539441911446,88.56478683616095,10.753070526021208,704.401799788784,160.94451440281404,0.36853259365231483,5.561009606784402,None,70.95013940908271,26.78638409065685,28.62430483869851,218.89425600307058,0.8251005636211
78.85539745093246,2.7774077463109057,0.12322079954864223,19.202399732692612,3.4890091067144895,16.81062093245921,263.1467776303545,33.606340638700104,674.4256423406388,93.11402666928538,0.3465377558722505,4.07016735524596,None,46.67880688477016,24.99067910454416,28.59365633346249,118.68024491124524,0.8354979343503992
41.56637398477913,23.79579703026383,0.9076796558263656,4.871686054790224,0.8835177073595873,52.84556687186533,124.28470601040154,40.92437890325016,633.8082116885442,66.69958384162955,0.17713931618824608,4.083897589094926,Ar,54.37878327518409,26.000988763531552,30.57496534059051,243.99713973012987,0.7939696551766879
37.26471234466023,46.3278201447247,0.9151463166768389,1.6580615913786312,4.206978162730763,34.488650344974644,75.19790432706029,42.334153857055306,574.2331138791716,149.502206933212,0.2506752061590681,2.1754845371877547,O2,54.26490715800298,24.549762952971566,23.881895592637647,231.37845326928402,0.9178567345309091
26.83934853047891,18.170771473475412,0.7205281649367897,29.321861029888957,4.117473636498755,77.58620023839133,91.67160967831721,40.77339841678268,675.2784765148367,214.95083936027154,0.28767705387776443,4.773435441287851,N2,65.47209950911504,26.487843917528004,26.837323340556022,173.0217402922701,0.8998949521292482
36.94316340270144,37.435806907145675,0.16493609932349368,23.905406125276407,3.3151712161733835,86.16713619774771,418.7227274027661,13.524692847560193,79.52927170293265,9.463167017128011,0.4605003843590394,9.919891061030166,None,75.90518212036018,32.24657196549378,28.63363059380631,182.29106671112228,0.03328946016174935
63.53607545835028,11.701559436987285,0.5711686519926844,7.466401275136816,4.471805446348621,94.31779169624718,49.705811708608664,48.906427153406796,274.5150076905298,152.4730474650304,0.2756565346923854,1.409241070469814,None,81.67425280310924,21.70632584431919,33.120306849247854,146.61356780423242,0.25927643701318925
16.553262014883018,25.36456673096436,0.9420930850469053,15.214438386289013,4.554123874365794,43.47505289527034,289.33940846195424,12.504679165610186,465.5735031046656,87.18400762334323,0.22366379230389494,5.289010406225453,N2,66.53231916398772,28.280933819313663,23.469261985592265,317.8890890062804,0.5700392422805414
43.29091458338716,27.264802205918226,0.5980411655126965,22.034076658200473,2.042216162897339,59.47608301543478,472.39284029164185,29.65000917652808,645.5185425639803,75.06727624066323,0.4520736334074553,6.308283636980195,None,67.14390105441629,30.02035380014372,28.746763638478004,174.70631682160243,0.7749653106527449
4.196663977317749,22.14223849221661,0.19321939671903932,14.169424900389748,4.823512342244081,46.776776377416525,464.17685014353975,14.741174143315758,394.3874026827468,17.20344329254096,0.2711792002796332,5.648146626032101,Ar,63.69695334380607,27.13617334582644,22.846781450410862,182.94809700210484,0.15592559580982046
75.53812864364257,9.637087549629692,0.2981627151253271,16.318245863320268,4.455618166522739,80.0532156271417,299.594003983068,13.216688524581755,621.8512975937733,192.11286960208105,0.14398999322353428,9.193477181380159,Air,81.07688203919021,29.270555684065208,32.69595038483457,186.16287675092894,0.8667725103649095
98.58971614556442,22.40187810255245,0.5844321228103266,13.14647027594526,0.47146764297453625,64.46711781716382,426.8953250595436,26.850931345357573,102.3598314957022,191.26125573242842,0.2520100955744603,6.503164767362554,None,68.22195429928139,29.375033868154173,41.117395462077674,194.77206343587198,0.2158453010904234
32.06464241771504,9.858851201654423,0.21799114808166165,6.774703911374465,4.763948725491987,89.97338523562028,223.46157049046118,22.05818126309672,486.2749555554875,189.54542709153634,0.18456488735121446,6.637383165364539,None,78.52483112165991,28.082910438267113,28.038851989014844,166.09262680074565,0.6888112703998902
97.69864593304318,23.552091755908567,0.4924939369728707,23.535470724292388,1.4174713963832808,97.20019754646992,221.55042938353773,36.70730763402101,413.50615411407165,210.1289347491782,0.19491885796746652,2.773749919604561,None,72.72437111624865,30.421191975575265,40.3441514136887,160.45593893450973,0.4557205168868801
19.55276717121812,36.23312896072811,0.9519920260818379,16.743287393789377,2.8492513397909014,74.41690906763975,479.54913787146637,12.919308045418685,727.7513902926444,73.00090813070939,0.20209538860862986,8.866947509817887,O2,70.49156148388703,30.71279056016276,27.040071724838956,314.3029909944143,0.8603854098146195
46.264051475819834,5.332232610567961,0.441442048950202,25.095631971449425,1.773416690393979,17.365297722271965,291.0705581030544,39.723711599628146,677.4074587992543,116.93216459142715,0.16308654146658064,8.544323582048658,N2,54.44063329252974,25.11210342384536,25.90383892427513,135.33768502054141,0.8210815991683595
6.438418540312152,36.79858929438031,0.38546562346665436,19.82607468306159,3.9341239528250593,65.43580369893249,470.33127000770065,28.326740034197627,323.58833443823204,164.48545284810413,0.3333721080829586,8.416908849668973,None,62.65582779041703,30.290642001746335,24.942522376591512,157.25111459189947,0.25245211877456275
57.42084349647673,41.667154157398684,0.5020723868397134,22.43741434774116,2.0721664561462645,91.64783574022735,186.04659612847038,13.037431084595482,403.7020784389704,136.8111886258464,0.2469985629223552,6.087017803119386,None,75.59461912701715,31.660664614488248,33.19820488587997,202.65990152150357,0.35602283864657003
74.58390977990888,6.775062267533693,0.22542564926909545,20.825211728289894,1.5708545758317827,59.2340628284386,190.38257853012095,40.35309237778199,603.2925888673725,4.044711048689669,0.344575270044553,9.294565768879643,Air,61.614456272387415,28.16567233933487,34.81087257968893,109.01007420884694,0.6014189012502997
96.04452007863856,13.370093435951475,0.3929157086833145,27.640843328940736,1.3503765098218308,92.37663465739054,236.51267876003124,39.07640999576962,334.79881567919296,37.37169210078416,0.17569974785090064,8.450423684128502,Ar,69.27339028972997,30.763122182154422,40.85469739403131,133.5823705915578,0.23121578384938327
40.51937364251466,35.1769162590377,0.7460665200988709,8.018429546258139,1.6705236702704962,68.02827268304506,243.44248283441658,12.03281974541332,571.3577568741723,216.5053562720913,0.46901601801198456,4.39883379983649,O2,63.946570535179006,29.93029516158849,30.104685946689973,263.6631775529064,0.8516533849550713
80.04521965567794,48.10812333086871,0.7747819169605987,24.559615637533284,4.112210979972959,47.095693004576695,162.24539289785318,25.030172159322348,783.5363176212093,173.94957965946674,0.25707728585672895,1.0049114804799517,N2,62.31705914147654,29.693644543885828,31.76650151325829,220.72311441630495,0.856330832564324
17.686229520967967,28.214714128657125,0.5956392915281682,20.910195167492997,0.12940327277720376,61.71285197236017,281.9421560393117,37.72150635754127,125.53581146926413,187.64779073105615,0.2104189574465737,1.4043365241372645,None,56.881750988542485,29.05242984137772,30.958015334941123,159.49059875469905,0.2036285817687025
86.80375703596185,42.24271343907385,0.9222097448669422,12.2534325507049,2.162502583940501,62.604205173837165,358.0422171646449,16.542756967262342,163.14116704326585,125.27228229949009,0.49540243459968314,9.736479126012917,N2,60.50912799872426,30.792845256348638,35.62206180718595,293.23530826258775,0.24132038839989323
97.81769836090479,20.880692833710068,0.9995400526205735,1.7231343795826115,3.5213175516109203,69.89416044503044,285.6571636560298,49.05766707560207,259.41028294717074,142.41066457765044,0.21625953342387705,4.4254167596454,Ar,68.39902350237249,28.523756765970504,37.322086044443964,237.42743676431212,0.28323062192111603
10.55517238701993,32.65522843217594,0.29243279590714566,2.1938091224943204,4.133540342116691,20.006494522073705,112.06280893116053,33.375358113057544,723.301273484923,65.06555295372101,0.48752034609446326,6.049438416069542,O2,56.47531586399353,25.235473248880766,20.966338557443894,155.4453299488718,0.836898008828524
38.743249818105774,3.841988989639289,0.9535566760996158,14.019720571893581,2.4490189992948697,11.499133402301563,72.38127069870795,41.55851113039076,778.611774156147,91.69042665642141,0.3686845278289427,5.319328402348414,Air,47.65401310763209,20.027314456792922,25.070613521623763,232.8661712379446,0.8774680828474566
71.25283960577124,21.660262616981573,0.7211460806659579,18.30685668542228,4.426616099637085,41.39173952665237,89.50335743330774,42.692342678210615,750.2137078085568,163.29639659396153,0.33751135161722257,2.542133269648495,Ar,58.81900899073302,24.71485627674958,29.207356256541633,176.25069090575818,0.8635586252225377
49.47239944412411,40.467642448318735,0.4859060735490286,26.78893854961317,1.6709386715131191,16.65256241803234,163.88775420517166,27.91963529454592,99.32623431898664,22.85212045784747,0.2159037310801184,3.6907982316191505,Ar,53.38709335330049,27.094357416348963,26.80772155928817,168.86484031139682,0.11055461169963675
16.24917461594707,9.810709227224518,0.19677448737480652,25.822419406954978,3.326375831487188,51.23259598040138,398.2160910253514,12.986023498059955,185.60388833028708,78.17251516742652,0.34395463538811666,8.154387922393127,O2,62.450446145277944,27.82410333873318,25.374319148495466,176.03625735252496,0.25687719256281727
48.02120303898067,13.634697394503071,0.28300532745820595,15.106292403864376,3.7430816945136125,81.82197903175991,339.1097062899627,13.180022267316724,425.9787707073942,68.856425017955,0.21118673846758976,9.840134158255943,O2,75.73455777045275,30.09324862328481,30.17444443920665,189.83649870731472,0.46825663242695004
69.24245722771455,16.44005366735668,0.40537974909365804,10.193188027438856,0.20260578219798375,83.4111093158907,170.97960981899118,33.62770845577154,493.7768668885427,58.839954860370895,0.41333647301618714,4.321772341852886,Air,69.5393237120312,27.897423259526903,38.00520862430084,147.86838918522668,0.6318053655131568
49.18161337085725,46.45825136796515,0.29193224973468185,29.87454377444954,0.13322897653085586,40.15326165438729,350.06335246446633,16.54725318309339,617.0500007627131,177.2434282172032,0.15317630105664898,7.06341286333012,Air,53.42049470535575,30.29877385658494,31.738228907432298,167.043000472342,0.8330535547736991
45.302602896615426,1.7918928353262809,0.9630957287024486,26.792506207543354,0.8580330441446138,23.67569725525622,11.408171029397888,36.84373796751459,282.5893369864808,1.8604744056142675,0.26991692569346776,4.9357969229336796,Air,54.84533713240419,10.870491118367141,28.519969360097026,248.58832086066226,0.0550844952347273
21.82771662470425,23.731621346694187,0.23266660443437068,26.41383633029934,1.7935366443500427,31.671817788261333,472.90959937295133,44.417571794368094,182.30013884899296,130.74212734696235,0.421344560690331,1.7174224933546025,Ar,62.3495611603167,28.402193980217756,25.38982093166268,110.68554679519451,0.310316599976972
58.9713425625215,23.739415444769513,0.34917938456705355,25.449780862941196,0.9454601312129196,45.559060797410574,184.91749064833323,39.63369013676455,368.1506371325849,63.27095293750272,0.3224987413400905,5.320060004223869,Ar,59.3845074835092,28.618386461065,31.618969607436384,130.38393905562745,0.26885112705460285
97.04803138946585,36.878532444989546,0.9940032569462177,4.816119813632361,0.051692897374514546,11.725537024644314,225.81590716543403,49.83697283911668,69.0185118682602,62.91192907537716,0.45803266434233403,4.426948602824473,Ar,42.94378654164259,25.55025667970131,36.75280580546218,245.70998737890957,0.16172704744890815
44.24487462002643,8.071678290090938,0.7736168876152519,29.76836617246734,1.30601194236093,74.59273706010505,318.65765936469313,15.789770837988932,356.83392169808974,184.0120997471931,0.41917496913819985,9.325605329991575,None,65.81280637776747,28.68631125129034,31.957606943559345,247.30246283611578,0.3358491005660052
2.9294523043123633,19.359356417702628,0.2645400239787176,2.6288639777414335,2.137635766823647,37.01127196825227,19.15159739939962,35.344122703863164,32.01344733270473,145.8979846288312,0.2880104573868414,5.091839013706547,None,56.30667390536631,13.14637796266775,23.6453855968304,142.5831695098158,0.29440719217978184
63.67001055131085,22.078910397728297,0.58540060231781,7.651764366765478,4.852547479875761,45.002216049755354,94.84818110992924,45.023206493451575,311.3018526045377,125.59035934760243,0.26063763701890397,9.221476227957128,O2,65.80999359905215,25.60204082670135,27.91059796076801,150.25736663761631,0.362519639087959
4.634249129193124,33.793232704535534,0.5122535904147543,16.898762747794834,1.1445835130128583,66.27985140461084,468.9065115724563,38.289689707438015,537.3701712584926,42.79138130551074,0.19941391316482623,9.7737050456612,O2,56.29203946020388,30.2457180666264,26.809359075185736,154.3941248220475,0.6900126388212172
66.32726191128414,15.809428780197916,0.21779074690794997,3.248872644180288,1.215625986904808,97.18974539711596,187.03791285747837,18.82836131663781,270.46362204971695,65.5155397174627,0.43364143207531125,1.7764533908665494,O2,75.10297172852269,29.15916010363306,36.06031424275174,183.48638699055044,0.234319374198384
25.82815043819313,21.439315338689063,0.6114922819274362,8.798554283718751,3.5476798779670005,32.88933241278092,126.47784573569392,27.380538793978317,534.905264220226,64.81827467838683,0.3692112493694937,5.995655361215,O2,59.20139890760019,26.016593412875764,23.461951821716223,202.969524072108,0.7724758825677589
58.35910760457212,21.652977477099434,0.63505087798493,26.39851132670629,0.792415916746772,29.65373669095646,203.06828187507276,12.25924663550844,277.35785183231025,23.447287104053196,0.4856207356903559,1.894592173493863,N2,58.158671604288436,26.9644565102187,31.101564278903897,241.1718353866679,0.1759779262948796
21.715591682257262,8.509464377960885,0.9621483248050001,2.989571682625589,3.4901470535605448,36.68313584721631,181.84926438287482,24.575977119982177,287.84794838252986,82.73200066956628,0.24944145863633338,7.488057564464924,N2,54.993997507523254,24.927264786062445,23.45109511326617,285.70526963013265,0.2696642314815121
28.22008365856852,38.485650544753724,0.6236554370095542,28.484401736914997,3.665347376849412,64.13507665665873,209.82711291108401,35.25825205077508,143.5837300408961,209.2919266893337,0.33923600172595597,3.6318959384989284,Air,60.66256916959841,30.364376747823545,26.43297631301528,164.7740830020216,0.28113714806627504
55.05825357426395,19.358556906155087,0.6227735080260308,6.087345210716675,2.625186477780725,14.40207735080856,310.5576789202155,24.394454377044944,73.22872993782434,83.61676486385252,0.2851841561886406,2.296565233313604,O2,50.09689284183039,26.507532440112648,26.669101201436106,208.4071461051157,0.3029394954092091
16.31422868944342,44.79059851803912,0.9396822200059386,28.739112030301737,2.550222661282189,77.3885973908737,362.40408739656453,47.21838686775182,277.5779923421223,196.5855511844691,0.3250787548964813,8.802215558973513,Ar,64.25767747963,32.28691426137058,26.692357142852206,213.12470792356473,0.33213172551691494
79.68869677507998,22.453372235435953,0.8410749493792481,24.513819072293266,2.9599676475840213,40.12837513487314,137.55464227571684,36.055563622287124,50.269004967635134,46.51941309260363,0.25463181899875054,2.666588615325225,None,55.27784434536979,26.37985636087914,31.937673380402995,211.36822215945614,0.18525728278759962
5.3925530377085025,28.272551871346835,0.6178632710056902,6.885703778336859,4.44652416051496,29.23067225503534,143.72673189940016,28.92424651761276,348.705831223569,17.60005442550142,0.18004233778057788,5.803750154950177,None,56.154506799042366,25.970336759078748,21.330362372023686,202.9826185070007,0.09470702338592836
69.07711367304583,35.47952939660357,0.7691567703917751,19.12909217201107,1.8248881795612464,69.34185100615124,401.322292045891,49.12170690759141,191.2366001312603,10.543752343949224,0.1801917980992679,3.8629973383050937,Ar,60.64419411970547,31.082998853972878,32.852669728051126,169.19957375249783,0.06548721967674706
41.20896680490061,26.269331707610405,0.548251013021725,29.257526024131945,0.8511799397112579,90.44419145114492,28.421351609764685,10.125467283596983,444.8093555941557,18.636665715682817,0.49244077423717847,9.912478567151986,O2,76.5142315293313,20.65289411612112,33.6033779517842,229.4231991637104,0.3787298613634303
6.5039115326776535,33.39412512173768,0.5720691101153379,11.778614850563322,3.373115842404006,63.357538073067715,121.2480447641609,31.986899765086363,529.9144016227134,187.47725969343088,0.24329509435984248,6.439419426969236,Ar,59.2784610833532,28.21625765510258,25.307030137611555,181.75171426078995,0.7964776327003984
10.136760600017125,6.644234512720809,0.8765770606280864,27.94934630023029,1.8948990139408388,74.08076015964278,110.7929711767566,26.118325004388197,441.7201309359784,214.11130530613923,0.40652269464198054,6.757400879046866,O2,63.779380867624404,27.76397302161044,27.473749984543076,242.97750062801262,0.5511150151146003
53.75088627234852,2.7570357623033006,0.3486795407528126,12.275594119719749,0.19663497249555295,86.93560235173793,337.69304646757246,14.207594288779962,142.29204659957793,98.70329523065463,0.11845287803073551,8.535287245628748,Air,69.93814145900305,28.048723663355805,35.78510592696896,196.69161192377203,0.27683015321617677
83.36244949398318,12.328324610180792,0.6908077353266718,20.979558608310757,4.8894224309462775,95.47156233122824,189.64979118058054,36.80351508300687,232.74754182512288,10.66107175892867,0.40277876846733274,5.888597129744485,Ar,80.49866398977045,29.645590977275237,34.97930961817818,183.2896181063506,0.06259830404625918
91.41046745440052,20.29156200287004,0.5815238846274084,7.133138035090285,4.355164854567252,73.63663337932567,233.55142478907774,34.01564272997043,461.3297046264081,84.0807884268962,0.15175290070684536,7.8227330512990285,None,70.90353267251679,29.69472578433475,34.53659302974682,182.6985700757139,0.5557923070039197
1.030076589841078,40.65853687806132,0.8381290165954304,5.160276987811562,2.3432671872343223,44.678925650351594,336.16826941721905,12.084403734629422,26.40454104116685,61.13919321857941,0.38308387758857276,6.481109922224369,None,56.79886929214451,28.104932474706587,24.204527793937974,281.23662791307333,0.15147653279846332
58.04737247938839,10.393124439376933,0.8736908826007875,1.5582597133237253,0.895841110178684,49.51524923398179,131.7870622890153,46.56281269839978,767.1996591735106,53.02654827233173,0.41417469349780645,3.548592145990005,O2,57.53802542858674,25.478015513746122,32.89362678434918,220.06735101655005,0.8200853471240164
25.44915831497354,23.609100897176145,0.24347305251943757,18.74894711503872,3.8584629115658697,67.96718654653836,417.45222153173245,33.85846075408833,354.5054646090687,45.83997742959082,0.20137816221081858,5.778557161792753,N2,63.48583801572495,30.139034960542936,26.873654698822854,140.92198288529832,0.20291387788896453
77.21903108619695,30.387938447023068,0.6945110656427894,3.679195330533366,3.478482240028278,55.94106068101055,408.6394035726987,32.675872803977356,545.692779025454,220.78124455654344,0.1328701403742923,8.350054536479863,N2,61.825477088174026,29.16385324574918,32.38335147049883,205.15117382701348,0.8522924383349538
34.8982132259412,4.701426184152413,0.3484307762892518,28.352810360700076,0.5719562729416383,27.568818193384477,462.9762466076329,26.88823808462935,713.9034076852066,185.0436103123628,0.3510978728236891,8.022273273185533,None,52.28143911789345,26.0680152211317,27.817725344878802,149.19407178948342,0.8064576998415598
35.61248286142359,5.758969357509075,0.7874313581332463,15.419290821942635,1.0017484246468433,46.045410573238485,67.33103631475058,10.801060424685671,364.1367290650922,239.45909833876175,0.4383929955524164,7.400168374361089,Ar,59.271795864119596,21.600310412254746,28.387220593533552,267.09101468716807,0.33020910712536183
85.83820214489083,28.10917012620489,0.13033284683330756,10.165773207773737,2.4372266832020313,75.65841192505803,350.51408065522764,13.686841011922253,759.5773837785522,174.70393972751629,0.42127962250753004,4.6885862079835725,O2,73.4184851544668,29.459595868495782,35.39212698840173,182.5104801241043,0.9583592836411852
8.947654611127797,15.250159965990084,0.3765528207527784,17.50455239134315,1.3304687988531028,39.019346631756974,184.0256587874272,34.90720136031369,24.49964268156517,156.65328418702774,0.47745102153798746,6.5568715699882665,N2,54.818603596216576,26.856439785417894,25.18813061901713,151.49454116585056,0.31112298686747364
91.90626258934616,27.389970397630865,0.14916679202770078,2.591401979692627,3.433365662785526,20.28116973474402,194.1362053500888,36.36016522490243,142.72855386313887,59.10282342549606,0.25909591079196487,3.049154477608806,O2,53.001570693919646,27.215504983325328,30.711942769004455,124.91791914943404,0.2267138087108877
68.47059911462398,6.169388566112394,0.796171244404059,5.746633805075609,4.1672941212880374,40.332808007767184,213.14366749802335,45.93398662349883,769.0955518952434,46.062200456500705,0.4697842332079458,9.247846440452236,None,57.978575508536764,26.036047744445476,29.374318987296938,195.8627858425824,0.7514461226337099
30.67036992530077,8.446795425907316,0.5209561490693931,23.12357787784344,4.156094448006565,97.86638431552242,19.835623590010684,28.23990310786496,680.7142391452659,155.31318984058538,0.3005450326841602,2.2931673832453128,N2,73.56054733754377,17.183645420554196,28.630530757908463,174.59944559141005,0.7983012802440435
41.286928917006485,8.499415558319651,0.40166819040027213,5.064633064272383,3.223823187470875,87.90864612918763,342.6480771840625,35.83613576101587,158.13412116325242,63.13019520298545,0.47613217735223545,3.0794338353969946,Ar,72.57415832232444,28.481552347606584,29.722608989617317,150.59369399491337,0.22875452125306162
96.1527501776975,14.314425818906773,0.3954824439805126,27.20492923112233,3.454508696842446,90.17806782009689,372.233215822369,40.77084971939257,500.91452131856124,148.0706391481625,0.38035864724932733,7.205005070047411,Ar,75.69438214725966,30.88997243462457,37.93789266214002,127.79420134409477,0.7758856589038596
31.924130601924084,13.809172814856769,0.611529819233299,16.84816263438071,2.6115083186443138,27.402306264962178,454.74068887193346,29.398706021865774,528.6231083742175,178.8983154122304,0.44896076827034836,3.291363517531882,O2,54.22011708775542,26.57255599830482,24.59071406336455,184.60384823044222,0.8577277941370169
83.48866527041167,6.148418094091246,0.1648941023958032,1.9738400820899682,0.41063443153436185,81.99621751412776,323.5557981408125,16.73064677789199,501.1122578375038,174.72162999928582,0.15233509436854456,8.071248718574974,N2,72.74003467337047,28.332091723566307,39.665025528958616,175.7258075785472,0.7482842641439474
29.522283512205195,11.333756824506569,0.20685859851579774,23.026162365985147,0.8529944302403081,79.28940968496298,167.12200838799137,29.401611233057537,537.9866118146675,202.56849091253332,0.2901297492055344,5.7865423405998495,Air,70.6323825537869,28.509766609528576,31.732224710465676,138.66307760250757,0.8570812911100851
26.888052762736315,22.30560202930374,0.8538093586239589,16.87315922430936,0.5053315120374541,62.361142630016786,222.75451262353394,25.097445540043108,22.96272451703487,103.09829878792502,0.2632903979936191,6.122235278781861,Air,65.63537942406683,28.750588346319596,29.89123303722193,251.20996224316238,0.2861180807670837
20.071363415939793,15.146920064654429,0.35195258481707115,26.83591964838784,4.522985780900524,72.85683276104709,107.81789757110336,40.35086340335906,425.18177225805084,147.2955155674481,0.2672374749418571,4.769850353645299,Ar,65.55099335237153,26.621227351882307,26.014710087093317,130.38481627944594,0.5224916482867089
48.527461398915314,32.15777714016815,0.2732937391578202,16.62081076218798,2.4321881303259745,11.289291766042517,384.44401477443984,40.88436100664111,29.152770636469416,165.11796589647005,0.1771385449666617,5.9130764086783705,Ar,47.21331558318001,27.90595720686905,24.632397008827855,113.70539662757648,0.22756687979182552
84.10127559447072,28.38023644089178,0.6953286650673086,20.80511202065091,1.144635890472443,73.86815770680688,206.2106179363364,25.014555787304566,436.50893171461644,86.26180512128143,0.17483667872319192,9.664706057191562,None,68.8641492985743,29.640329716362874,36.3412788536232,221.61069949341197,0.5304447280583947
72.55864640082521,6.76245300487876,0.5729301384408406,12.986951205554352,4.009266923518809,40.184893429664584,44.226813709645555,11.288113462890701,327.5371231372727,1.4757015526680561,0.24698834257624325,5.553673455422473,O2,61.07129487726205,18.655795555155976,29.656872973319732,221.6168265962841,0.04710732168252378
23.612249998707448,17.888040864362992,0.15638736585052088,12.410489186589508,0.8124428132029043,22.681772837292744,379.00416310063434,23.639713573121135,539.4672293332119,134.09951663626592,0.10855088502426452,6.384093031992843,None,45.8591530433541,27.12286727974723,26.15212283420665,158.0571228411771,0.7628180003565127
30.37162399870359,17.461641663773158,0.6255679565769592,4.536559712624505,0.9835341001467118,16.650074656161834,294.3812241080653,41.92721876350717,214.3294993643753,190.80861390824074,0.3971546175834406,3.6880310916846466,O2,49.49890256979987,26.01688826444869,25.99844119284029,170.06960178670718,0.34605156646223145
33.536907331906676,8.440821551596333,0.7834136764879291,0.16887967932298298,3.7330036557540804,43.80864121838484,173.25069388032736,20.26815192266746,580.6090057115509,185.11642612453127,0.15315595686334837,4.472063651048602,Air,60.78173138794465,25.83880099201279,25.612244076750027,259.30271890444624,0.872028067515676
5.791105054263324,48.38167329664447,0.7777668024439462,15.216780728633912,3.359033410023285,32.22440240271145,257.8967577417428,49.073951564384835,666.4830503637972,138.69899135495928,0.4474292069111059,4.729064674980636,N2,55.9557108586618,28.78514799427959,22.21859468636612,172.43108172521764,0.8329701797543012
3.6262697713339453,18.07969129407087,0.6191557743985978,21.666987604906023,1.3176558609664069,47.62106396350889,286.47898530930706,47.38914100682539,290.83381054351463,38.99651469778239,0.2653495698669031,6.135426738668699,Air,53.42740528406702,28.023056929073846,25.728571146366274,150.49329997182653,0.18738352069826397
19.645575294600704,7.679167356511751,0.9930481810367714,8.004261343950645,3.0272399434776687,64.36649010665926,263.2967384802856,18.877046302234387,114.24978741113136,47.23008104181748,0.1112971175994154,6.008712869032753,None,66.62350097038099,27.77545060466736,25.79935667246656,312.66465115902815,0.10035836513025939
57.297001428106256,28.573703379815875,0.4333667969188111,5.6618288615459775,1.763216349863701,10.43219472558428,132.27846059800612,12.957168715814422,332.8380637539641,110.73043243983389,0.4382438616747073,5.47417175498062,Air,46.696716100449166,24.854637120779064,26.468460313149706,215.9786690036689,0.29820485405240427
85.94648441372789,34.26861294352692,0.17345840449079197,10.832970691999046,3.781621891872427,58.82025346227859,135.55410852886104,11.417312565552852,392.92530550744243,223.12481665159004,0.31168494291266835,6.852480068310851,Air,69.6957452071857,28.51123254525543,32.666340156314,181.78076316186264,0.40409270101892575
61.44385745862919,38.260917097116646,0.6662075291569255,8.377691216634389,0.5831933965163477,35.42906271398753,76.8171341363513,48.72034773577848,311.65743060649856,180.25187630111503,0.3514042884679537,3.0144417519039814,N2,52.70880942059898,24.882577042573576,31.456066792005796,149.19975410937815,0.32457495235261313
96.47828507418232,48.00105908986454,0.8053673495261504,15.945529262608938,2.722722364794981,79.95456302771109,50.48499489442163,22.803114194760916,712.2484305102066,23.99591314110669,0.1031334921298459,6.774904201910616,None,72.45675124612387,23.52631570316985,37.759937054303364,244.05191713248394,0.6228411786722702
68.36075277012765,12.684275973102094,0.7108824970632434,25.189775273625145,2.621275303705175,90.3661345827932,183.81150890314794,20.430846711616265,415.2790788038808,11.711323831570821,0.46726205796860143,9.924939266094913,None,72.16391876419172,29.557719465245913,33.997252554269735,232.35987544029254,0.20274856301891764
86.71552381457761,4.511585653733524,0.19877720429277823,14.03294706999191,1.1437293715975545,97.43885423662277,85.07708455651326,17.184460246039595,218.44258086937208,114.62600296666525,0.1291115735078915,2.547647786797561,None,72.08533550147823,25.379743340808382,38.84140085581018,173.59895906845543,0.22901794662563144
2.2217171941003477,2.6018087921922897,0.9219275928613255,1.5876471922800695,1.5174990931927135,79.00382575420878,149.40097783748664,10.610008830050134,513.7319040240184,140.71570381386,0.1441755286427207,2.092490901602633,Air,69.14512021032239,26.200390670036896,27.98617352765832,320.93316375648425,0.8127519780799394
69.31072989852917,46.41661189520698,0.5268688469145264,19.094068670288735,4.710206812646213,87.26339132212817,292.1422195880615,34.351900553323304,244.9952632332325,22.286429741720568,0.3799740234491682,2.8556903707622108,None,73.61664216921801,33.06416087414102,32.440836757748635,158.36163846856704,0.09812936357977153
54.43557474457038,37.23367231462144,0.2889374358939657,27.5589260873069,0.7994365094794809,96.77763443999255,385.7178319818785,45.72244167503753,494.61760016133223,112.22290523147683,0.318613380377596,1.1319364258533764,O2,78.58535502259681,31.17729462943545,37.14955243165148,100.42314336135352,0.75781325579477
0.48647483806991687,12.021419040333692,0.7568044969690151,16.85810496044065,4.414880955179092,62.951721382135624,137.4286245696118,15.171893293467571,11.514023904927218,39.70096352845939,0.49988745871684115,1.6901764725991797,O2,68.6050658000649,26.432485888269117,23.84212945314956,244.91642081086343,0.18665807472671284
83.9361156865807,34.321665989172104,0.25024949206024083,14.108305912829813,2.3434041982535625,73.82310293952231,16.874166775076404,34.00940443864637,129.32530074226412,44.91671181715808,0.20344640043814383,4.180429594771748,Air,67.07229777152632,16.92684272475342,35.649675519474904,141.94286921917438,0.19381483547243472
41.13577300544418,27.7006738262914,0.44166830581077776,4.074538470327661,1.5335896962215412,77.0469441745606,138.76240564287116,18.75351116711326,208.95199180196755,208.7146588884316,0.2502222491828081,6.930524787066803,None,74.22889134017797,28.016559360551252,31.05646413940415,201.59021982828872,0.22624525881332525
6.676746977286174,10.135884262614203,0.15917335523928305,11.97430312613913,0.6498102144617907,12.830658573326318,232.55865287937522,26.300966860261408,533.0499067097929,236.1754599022465,0.44987185744835334,3.989076234583572,N2,47.04410770366986,25.128373676119562,24.761697731471266,150.7749945138927,0.8431798254580509
50.358371539941714,22.619799394289004,0.9392164283620137,5.142935846258474,4.673946721185029,90.31552986844527,45.352562418416774,21.88503778290075,177.62688327986604,160.89376473309053,0.38961839626160943,1.664565061401396,O2,76.87805530153669,22.113052567832543,29.544467339327703,301.1561098639514,0.3620760005375765
8.892902071470798,19.673817610159077,0.593146850632041,23.178381484285595,3.607436752363424,38.676682691152,364.0039785163661,15.068118924888276,469.19846537885405,129.74994460077903,0.11159209824288219,1.549367473960729,Air,56.39117065690151,27.247263402715852,22.4323529774882,218.5436751356855,0.6418106499999745
95.46126434528419,42.90193668794176,0.30128613703454565,8.301906788701448,2.056248741953979,58.24239191124534,183.66272822215015,35.393899704744356,439.28699153917734,31.326308072710887,0.3879611926283387,9.227678265662105,Air,61.39196123274529,28.60385888217088,37.034335359749896,132.80176251939162,0.4534809695736858
25.10175479902933,24.13733330802908,0.7311932386220236,24.102025166556988,1.9692954558905007,36.8386661388482,284.5436023243258,47.063198092352756,737.6577046040704,210.21624681913843,0.13270216533316723,9.604924821708833,None,60.14992572072745,28.180953398045045,26.298212851223038,178.46946577826643,0.8834518155991756
67.88973062296324,25.44410968492828,0.8903558771969705,6.786608846290386,3.2122969404324127,73.48337302536133,416.46823991025525,14.849333036346986,67.63349064276821,212.5395110288756,0.46729209108382364,1.8557920428207986,Ar,72.63083040879002,30.201836195194726,32.870737764535654,300.1023490325897,0.31910060423336
38.45649092213904,21.348388254691336,0.8209102324836368,7.957781200538414,4.99205693226867,21.209234290929068,187.98104552786216,48.70334283786284,726.115685087,226.20385438499545,0.11541708795266313,7.495343363319783,Air,48.515244511969925,25.529536058493328,22.578877331798576,194.4099303687355,0.8882109996909364
26.769834952016367,39.15638553180957,0.20305281427282634,12.405779267912155,0.772792376092023,99.51341604766186,215.73334439700488,40.65760234998327,732.4049398549373,239.2057164635614,0.12350406486926913,4.046230342327735,N2,75.15620969040735,31.477641907040315,33.242142629590504,110.03510514183108,0.8882693310674292
39.74142540561508,30.46274566443026,0.14943430843823047,14.6904871177187,2.1513749279176295,40.357809657699065,321.67685064227345,39.51311966741012,434.82759500986907,34.09191019133816,0.41698580267915764,4.368660639825844,O2,57.62635836162659,28.99121426763913,26.53291463922115,116.529156728437,0.4147359354312262
35.02728416719966,2.8644545717565864,0.9142859083408008,7.692782689045381,1.3619203074974506,96.06627470147124,388.878729469335,15.801274623595836,388.0300867170667,102.46756814724883,0.14723786958112403,1.5878911848528472,Air,76.16473921952071,28.914540380104544,33.109149279645834,297.3644081375169,0.4216604480426018
69.92643949041708,37.92725167289108,0.955698695886349,7.707202568894153,2.8371040098202194,74.35435396113823,18.598937794151247,13.834035839546935,270.7671739002508,56.962634860245764,0.216518041715979,3.831753202690005,N2,75.79636250677513,16.66259896542488,32.200788061463165,312.4843884807383,0.23934352052576688
22.816944914341974,18.243811421222127,0.35580994646656794,21.77969519451881,0.4957569700003017,35.59169625467398,199.7127086630073,30.21419373361059,82.451600642778,60.55427321832376,0.27573888121723744,2.167306616428913,None,57.26373236235409,28.013037033237094,27.62303629346149,156.16733446443428,0.18572799750840213
58.31674173497793,26.933874122446166,0.1505269612850081,7.098307871915742,0.2579190827614536,66.01906985735147,251.20074195153688,11.673247461739905,426.8489802957907,161.4755040275188,0.1240900681439861,3.647217800340122,N2,63.94388558882841,29.438861072169644,34.62824009704291,199.41975987056787,0.46265021260629174
91.9663945976834,33.00449976191964,0.8864989770687435,13.143888473873913,3.565963876791132,82.94827583586833,135.22440657727054,44.96800383308431,46.168213229447105,53.113268172966734,0.259716597746223,3.1945452713644724,None,72.06787536630348,29.804638758316653,36.70636752381793,215.93079966340264,0.12922951491952525
60.7565370978895,9.1541982967426,0.56394060426975,26.281249393817532,1.5186673694386765,45.075638194781,330.40783344092347,17.802427401259898,571.1958448296906,105.01848102371444,0.4445033238749321,9.4509705335945,Air,56.729359171426594,27.37529933304778,30.676080530521013,204.39285650417878,0.7852142815884303
39.447711439261944,45.04746805804552,0.41032136454934987,2.237068931452013,3.0795645069926403,83.9200290550457,203.05355383661558,32.01204526078184,770.5086734261434,44.57850257378142,0.4624040667422592,6.497107474159197,O2,75.26699662333903,31.88862678142246,30.091157089396038,147.91666885953214,0.7723531604222075
88.01917238490226,12.531742587893092,0.9384409995373212,24.409598149374435,4.606710108210636,91.92543188367745,276.56815436862735,49.33685090754151,76.72496799394999,77.78969537110554,0.3391233270511103,5.622191516289126,Air,75.39190145012756,30.900642174913582,34.60047197830106,208.23040998868115,0.2716282313267625
12.621495863688914,7.407837472948686,0.47726042696953486,4.204450157216716,2.4157149128046247,75.14119772136726,64.50553989158186,22.302469199697015,363.0409410578322,222.22835995631115,0.476411788334657,3.9027671181057646,N2,71.29159552366899,21.76997154637049,27.24893359380639,194.87968526802732,0.29994326351153006
21.892636692837407,3.6685556021705534,0.13781562084002863,7.692554518901099,3.585441163932094,83.91899110298243,130.48403433402376,12.229629557739848,128.12645033183827,219.80763187656837,0.2061134719104557,6.234521042725017,O2,72.45497712681504,27.042556399584473,27.152315659023277,179.4240636781507,0.3249839480254004
85.81733818932736,9.348773476471639,0.46742027245206186,23.124234091500295,3.9715020329029382,45.02803320483076,136.29349483312976,41.78809251558607,150.2695650110992,218.30001523665106,0.30483085896953066,2.658458001872506,Air,59.01261287952759,26.4586170111755,32.55444357514099,134.6614531934245,0.2609790483798351
36.68616971339578,14.399796920889536,0.8105012367801683,25.96936177273378,4.377954696202705,92.25221445514454,20.102516185514276,22.916082623188537,681.1976921573986,191.54451771454353,0.12761612497852895,2.972823971408962,O2,77.16002199320977,17.906549329742784,28.90497857150826,245.70168431414035,0.9085545513810754
19.32450818183242,39.41127852458297,0.18999416234050986,1.4573248831982766,2.3096092895578217,84.74428981121656,10.153621565902824,28.63452904003156,762.3154326527549,131.79582627212554,0.44848961218506733,9.99986392152083,Ar,71.34887106206298,15.42173334006839,28.4145652993101,141.77143010292474,0.8720508405902849
35.669017446883835,25.710940759865025,0.9868481224983422,21.240539594083742,3.067636032282342,71.43584946677588,417.34031313749745,11.250474891332027,697.8176858305303,163.05796053512717,0.1572085112351843,7.673126736150684,O2,67.79230374845812,30.137951650649374,27.587575152725826,331.05525097554187,0.8634639285892516
14.282711358292454,9.344912741145567,0.5622857284580258,18.486709849065942,2.7364455163231565,13.179769422324867,440.90029625945476,23.957685311162894,560.4552301891849,51.13567387658276,0.16156554864753328,2.5685626326960245,N2,45.68584240318454,26.038829383750446,21.8149065172844,187.15097535724996,0.6895338202974878
28.945185399977568,48.945528334954474,0.6462103641391159,18.071474620084704,4.086251429449174,57.71717307808356,239.48523797725264,36.10476939921362,546.8041953511882,142.3040725982571,0.36672959313071896,7.102047311954241,Ar,59.85102261892145,30.790764746849653,25.754042874295557,158.24630316448685,0.8856692623129819
27.296528129075483,4.650698253384161,0.5062839272814117,18.976925287516586,3.40471923426247,88.28779357057422,297.9908373951403,37.77583983021538,218.66244785894287,51.21060359046382,0.12494004559558447,2.164153239753735,None,72.5043213448761,29.2065745676795,27.78522882837868,140.13744329194475,0.13822629572372092
48.35899353101109,29.807359751348923,0.28082353186921055,20.3180250734524,2.646512977774113,48.83887719228148,329.87550155685364,31.243216871010723,100.19590044873618,0.06336018659277798,0.21947136740400042,8.786636906738817,None,59.64254989276504,29.66969592920838,28.26682438854779,148.51886394533233,0.0
19.558559059799098,24.823133326660834,0.10669769616215163,26.080424589359446,4.213095242939795,45.88632930582795,243.0428668310366,47.292130760023056,589.0490847076761,108.68850050437646,0.36357662327952,9.494764555870894,O2,58.81737580745844,28.93815895836616,24.160496769605377,91.42710162289953,0.8577005239874562
38.6786102213098,42.73573211649221,0.25022147163168684,26.81750897476581,0.9512296885928778,96.27389210256473,391.58132206586515,43.837404748091856,587.5061705979565,233.5420967190046,0.33681603312749747,9.775120457413207,Air,70.33361250826741,33.088232419439144,33.52445861444479,100.59154880118432,0.9066878892761335
70.45843838427551,22.6735975495082,0.5453758133575966,16.240271405621268,0.8141471849486859,39.503902413504875,267.49410473852595,41.6910284362223,443.98190994250683,158.2155183329394,0.30687005601603445,2.695527102714561,N2,56.50118824016371,27.52487452283939,32.73920831887538,153.74860778600473,0.5667910458936596
65.00116658071427,21.258508823398437,0.3290255153685811,12.672967405803861,2.1419409931500697,83.98991386251447,37.64706982870801,32.667764247368964,308.5820597517966,65.36607276255654,0.20333799321729,2.0370868197156438,None,69.12386008138874,20.881885410459645,33.223531832488476,142.86460880289317,0.22611542179511188
52.98488499823834,37.989693068337296,0.40591939495153984,1.8895433993502586,3.3849851740455836,28.438175003980973,360.0081701073255,29.419988474270923,23.11427404727251,237.61605403794397,0.20105560277480958,9.784645280290182,O2,59.29290099846308,27.5076670891504,25.449622452567134,165.89868722416315,0.33942998669465213
36.538554618737926,16.18413937644364,0.40785206004811814,2.7144543592363557,4.300439674682412,13.673336878807152,43.906528345915106,35.798084998465356,517.6017879685493,83.06617710722976,0.48901091552321097,2.8267552733914365,Ar,48.3733954380507,17.968425882701343,22.07268542330857,155.01732257589478,0.6586044840864631
82.64707903767068,42.036133102861925,0.9224252626241597,15.615310060878764,0.03533007908795183,89.31667401776595,473.8309073036445,41.207694447203025,773.5731379732512,1.9053316447798085,0.3884188904489877,3.0521417934687993,Ar,66.79159523971049,31.357052112926525,41.07556664419933,233.9362536318673,0.6625309586680895
18.889613103557867,36.55203403566563,0.6622382054912624,20.234638602743427,4.235137326487061,50.278080071006755,167.20121783106788,47.72267319519437,58.51215199790998,63.15653138957933,0.4656569304560868,4.095802821606016,Air,64.50231132724879,28.972361884581154,24.275513548174487,154.1310763623161,0.243536721390614
5.084913421160964,19.602811000781838,0.26143313099013066,20.838369366164162,3.4838926002733976,95.42894217132618,31.05529701935897,15.11349715174838,483.9866945320422,78.12404828166693,0.18298201799679542,6.714728826115772,O2,75.22214443584265,19.48295500256086,27.48809049553925,187.69171909361742,0.720087998496832
96.28701923667667,38.434796808506135,0.27469174430431303,9.539381023240514,4.998586357623338,44.00983811583382,432.6373079293051,21.3505337931851,494.51511132385804,37.4483019342074,0.3357219208785569,3.2677674491230357,None,67.9264350913281,29.59335268579197,31.721502942175828,178.64740069649872,0.5600152013861711
75.13740834471754,41.43781142950178,0.563332320584728,15.249855384419975,3.9213351966012415,66.5252665574618,293.9840215996701,10.885054782750924,8.63236307467039,35.25590217191944,0.3964715570647107,8.438457749115614,O2,68.67583722440257,31.39045833976694,32.74459362670109,232.0405588944649,0.1865412883082691
16.501015686719654,46.25258635336803,0.6786318490700954,26.602670589407637,3.7065182777261607,51.244460851714756,100.56430128510114,48.75632652010652,103.78615938180316,224.6369053295998,0.3716813703618439,3.028112191678722,None,59.512361785374175,27.313060015683863,23.384401614002808,145.75929662708134,0.24024052740701754
24.45072611750462,46.1715604660658,0.9347749143201538,28.69353674183368,1.6874723729323078,96.30057248284035,11.196291926137798,33.319712055098435,683.6493454871672,44.24557981048177,0.41410402488369036,6.969636213640216,N2,72.45719993392215,17.422250524077903,31.37604031225199,243.29286379534224,0.7289456750685711
73.69699738177566,28.91742025303777,0.32581924776880666,9.708607722010136,2.4323841915960065,29.43922004937977,331.0927680768608,18.916218373480746,737.8247033632464,127.1317324507213,0.43872599994188133,8.292908806166274,Ar,52.146095068063964,27.35106206761582,30.163801937692224,186.52541747811037,0.862585140995266
5.814979363960548,17.835567414835964,0.9161976060805154,9.154407091192411,1.9198376764431224,83.29492261740269,319.5337650877836,21.384547711341227,341.3413772093441,118.43888957597449,0.29600232253657277,2.613652625916238,Ar,74.12701984870174,30.04305416996051,27.362054849731326,282.82446328011736,0.250999612641643
51.78518989835804,9.970266505993663,0.7137163728577465,16.97663451389196,3.513785987896478,22.18990935699406,289.8879847957114,36.55174937874668,664.5374548602007,223.5187200572856,0.3265149163083978,2.218993665510979,N2,56.469427295848895,25.48989688806148,25.639299016574054,194.51502315372966,0.8246779276540628
49.05851492532259,39.6596494077862,0.33316864978032634,10.791970340077079,3.399983793630623,11.151350677776744,271.89535227375495,18.943342740974018,16.132562304909293,2.926690010755877,0.12152359597507467,9.454502732150821,None,49.96349072369439,26.782855432559987,23.433181206964164,184.61619794029738,0.0
36.911439434651506,21.887543551812165,0.45117604232553454,8.32625047237008,2.606005496181352,91.2438505548482,468.1248403403689,13.487151915397654,771.6354752475139,190.07589343456303,0.2868113538298963,9.02285654174491,O2,75.70950866143492,30.78687883988064,31.068623666602207,216.6149163685325,0.9220822347053281
63.35550381873677,8.33874117178149,0.8414190939128653,11.451166580879459,3.5574107655542204,64.65424461679783,302.4071626029441,23.132850494444593,398.79506778575075,46.36004937233088,0.41399693650562186,7.6224716554405205,O2,67.96487062142717,27.831792787627652,31.493335973282345,246.54270064754493,0.35263595205485515
61.16272757861579,7.417104150963022,0.25487129210582415,9.744249946454413,4.22569561606176,93.74730522624658,267.9043178039309,20.158538316112562,544.8830554835204,117.04401212590221,0.4197109511337387,8.227353801918195,O2,82.93293805936493,29.42231037715298,32.508451859437855,170.94956431223338,0.8641552516594517
8.93747775714413,5.679161471025241,0.48400709932310415,8.352590291341743,3.2966824788952946,68.33167496719587,13.450505795208633,25.221233510079593,746.8563654501845,19.74645020886152,0.2901032847328063,8.4175023013958,Ar,71.28961478106032,14.046544352640476,25.622477366995675,184.5106348162335,0.6871205514104959
46.347268578598566,27.026941039663022,0.8862986770203037,27.942743302087585,1.0639939828679053,83.43158752977642,109.25136984974195,48.92292593433147,538.9151744388917,140.80933320843437,0.13396970550038395,4.680294347857052,Ar,62.55200638491718,28.04075768070898,33.46816042795017,201.37866738588207,0.8339800093204371
58.566708381121835,8.137756388546558,0.4223016386322239,2.4630534855165607,3.6366778136267857,29.874124791249105,152.0183286793395,31.885845767194766,16.813910743406968,225.0112826636797,0.28722794455041956,1.549180815156409,Ar,54.12970673800256,25.631205107153,26.964179029766726,162.35588830264322,0.3688343098961716
10.251791390767373,7.757030345363192,0.4075300472999558,12.376684325554013,4.830214119685873,87.20545748490389,389.3878023741152,40.99710593011635,110.86653091404166,79.71229286737415,0.2658553986195009,1.396690667942644,Ar,70.74984525355195,29.07258399644362,26.721124297795,132.55390507246952,0.26004904842552523
20.759643371973457,42.33153108696516,0.15407157586825931,20.27678200451372,0.8884533478937712,65.58634403250011,130.2810134950126,25.485833848591703,319.5448003534133,72.76452996387575,0.42497340911538595,3.782355420384933,Air,63.28087882661604,29.081284421622307,29.3145967357047,144.33045706690058,0.28796565132646645
52.95263738146212,16.3844081441384,0.11627757717679758,6.299859099737918,3.4932581498810515,38.514882611241816,240.67382120170336,18.41095319887099,567.7207585029531,50.49024571473812,0.3166682986478202,1.9574055793636762,Air,63.08103445275501,27.544341113141495,27.262949012687077,168.19304116029798,0.745030401019215
40.976455011558954,20.86176502281197,0.8240373497123474,19.954413002661315,2.084844589710358,31.135174374246123,252.72396594700837,12.232770668137537,119.73246768979058,73.9822603951894,0.21010825131930427,2.0023894691284085,Air,55.22472571022609,27.68645857509451,26.09569076791704,282.76277818603,0.28852957642056526
9.40698863654088,19.55680240821676,0.11943816827238607,25.71605733022562,1.1678574931620456,14.877989596518166,314.27780758104285,18.713680280070136,552.4281754808487,64.89528780267526,0.16226113124711145,6.8593225548992045,O2,46.661854428419694,26.651433934432987,24.068163094008998,153.06844458489,0.7525849181738445
25.997079670027567,22.885744213558162,0.896365028199952,27.257549233737667,0.1908275331952819,13.922644483648444,164.68846035597807,42.87514823330339,164.43035834215394,224.53389429868793,0.35597487813976314,5.910650054305606,Air,43.3976112659501,26.181965805322843,26.740848312291295,216.28604972324982,0.34568208874327416
0.8925192536451743,43.661240118064995,0.3340874446661862,25.1901933057924,0.23825721158319435,72.02574394692121,284.80195681142106,41.74259491609638,173.6585260094765,48.151703008537936,0.39905090339540916,9.09864934041516,N2,57.51882587077988,32.393854334549495,30.71105714318822,119.032258172196,0.09867108422430361
96.44685406677227,20.836236333662804,0.9467939439304816,5.332450212169747,4.296874917533333,65.1088076409095,116.01398348347725,24.24157484695916,290.1471050405165,171.75295521982304,0.4608251363565681,9.387798780003704,Ar,70.58404375790273,26.497598620460167,36.33489339533597,288.3602219159958,0.28170868492814444
38.62163342523143,16.7151295898784,0.7731996838383778,17.798148174627208,4.475868026453465,16.685947166170916,277.63963208553866,32.36315372777386,388.1188668919843,51.3480537811455,0.17910041844864116,4.437575733943318,Air,58.61349139858264,26.33441313790365,22.606896976023908,214.77896056473878,0.3022463359099583
71.47238817534148,24.127902923971096,0.11993152652169892,19.030179231123284,4.569293300292085,14.828032205195754,352.3333577873966,34.29298742353242,796.0546290480122,225.4278144544395,0.40593906958325743,3.6893854767236736,N2,53.93732563360093,27.434597924420668,26.84749463246048,128.78271427268274,0.8962809819689892
39.65427356342821,26.644609185405788,0.32760531792357267,22.107345346980576,3.7199175189231166,87.20755394827202,149.53815858188372,40.896858692460356,723.5828554257306,109.96482394272859,0.42662611195787936,4.974295057115519,Ar,73.15359090696388,29.938399257252122,30.008334381113873,125.3098976052169,0.8806431086295913
38.88571767329129,47.13361180921862,0.7989131853999851,9.151321456763926,0.423456015288905,13.175841948062605,12.162362942464453,22.47668401186241,196.27898787435026,223.07830167167438,0.39900731471340345,7.8787364608632275,N2,47.002103741581976,14.266225225735015,27.530888516671393,239.69198466319105,0.27603458285358157
2.994733221359225,39.50014185541862,0.6186538498433821,10.936059480682234,1.6486051277507774,59.89751582740111,200.49253326636213,18.04762076564733,566.5558533697119,43.27124761422624,0.44145464102602183,5.34645032564164,Air,65.1501050588061,29.67051926216232,27.461269053712826,230.80914760888587,0.7622243575407723
68.32780516034278,43.511123912131424,0.4409815884563407,15.678304390373794,0.23360281842644937,87.09184211780119,243.4732784647278,15.261733063804833,183.16284337627363,13.756323210317367,0.49800323044192674,1.6789063210976245,None,72.04966864977226,31.91841646890569,37.659449974632714,194.16930998984245,0.0
95.00568049270086,47.160281360860665,0.5745729815685404,1.5749591408102614,2.0270483776968122,68.66802310406928,336.6494036260798,23.484892922887404,561.3447533642413,52.64030021846162,0.3943592663310982,8.784165530157265,Ar,70.65681525502903,30.9517938667525,37.33185131762873,199.077089882601,0.6812071104501686
43.636601861085644,41.75217832076761,0.4513455944411807,19.100763610555415,4.422644569574858,89.90062919492246,461.3674545391313,33.43976227689619,364.10095381454,120.689679997951,0.1668225549851298,7.775394467693896,Ar,70.8708499765287,32.10815469168958,29.50339286485937,156.38123748673974,0.35352446211598076
14.361397766591066,0.9650251302244339,0.6075421395955503,20.814673282252798,1.7751453844524345,86.14694499281025,302.189345768167,45.55998196052341,296.61415436148354,108.10612257659047,0.4182505901894191,4.797734202519642,O2,67.99724731218922,29.064742967598924,29.31800274834291,143.87242578002616,0.263151236468284
54.01266004487929,28.444531853038967,0.2778695738894002,11.521779011637111,3.0216700679603843,65.44553730006118,113.17718104378781,20.326868872560798,384.44427993300263,208.15092027800867,0.22133232828050264,8.586214050856217,Ar,66.83461039314572,27.3070078107555,29.033315016415923,172.75750869201045,0.34371666549489766
52.98742703460295,5.877005066287327,0.13054739304156157,7.9109476451665195,4.96142318879477,55.309104339978084,336.8677425713214,38.2932402732598,668.1246331022697,77.35565317817262,0.10471807912017282,1.98163170617025,Ar,64.08826065129232,27.333090869210785,27.310532140774225,125.33379558154272,0.7480599348813475
56.46082151932078,47.46440223452474,0.9190561340577322,10.110164836279415,0.8714922643262757,29.465116032955084,209.09769904065843,48.93832959083422,142.92856788384992,42.64311419686987,0.48490274257150545,5.7036714796188,O2,54.34965785350349,27.947305823600963,29.88331133615968,213.5494472491275,0.23961499093450267
2.050497048253652,0.7921426101285434,0.8107512340651627,15.230938941004581,4.850193070078602,18.977332831338547,376.3803789584635,23.133738851720594,529.7865744991856,24.81932362012995,0.27957880453924155,1.0177016253499738,Air,56.62764149516486,25.926805320718138,20.526295877487303,228.68315984786068,0.6434505686284052
55.99440158000768,4.0380165009461955,0.9224927313041652,8.226480653286655,2.567138070147192,14.781754097570754,111.02474894717969,41.22042898371009,275.95630720953136,227.40872226625126,0.4312264121301287,8.583509696786592,None,48.6794721848017,22.40413079914004,25.310244732614983,237.30026551128498,0.31305228619196857
88.0611265627693,41.953157509683024,0.9704251506763182,5.589758643049802,3.0563003699618747,56.32576282156035,336.374735632552,13.033299742698713,553.418760136862,72.50208746068996,0.24928186387776796,6.422371503957868,Air,67.8038219352372,30.09343336681029,33.92331496501045,324.5237709734092,0.799043677444835
59.40508715599936,20.979931393603344,0.1031635491382611,14.943179572407457,0.09428001462433,81.88109539507471,364.71598114550306,24.30263352981648,29.95850083506051,109.80524410354226,0.44995163647317715,1.0604746134000114,Air,65.38567567775546,29.70987630103819,36.72397957160469,152.38193684784483,0.2459258093276102
6.4614704059981936,41.70140963538639,0.8213209092785304,5.8090337314159,2.5377727656623605,28.395884467624327,68.53579173090864,44.43885295797929,254.7428760649682,84.34728576811256,0.13904221795036334,7.350916564235202,Ar,51.381573335726095,23.224674990798103,23.283763616997476,197.56303669856038,0.2128378305876555
92.0339833405425,20.923964611332785,0.5851785359671886,10.161190785530081,4.4615001685471,82.25915881482108,199.3862496144241,23.66537487781029,63.78910092405627,4.6828911193203915,0.13366449274207448,4.469200084871535,N2,73.36883314437073,29.4131157997184,36.13200318475047,202.78352333888168,0.0
77.07223347103378,35.15482693518076,0.873709934726324,0.7799171067253796,2.4540107891736236,18.40590357402456,186.50393475094845,42.42303728810879,154.61898374493276,162.7488424014387,0.14312983341503724,4.778434946822287,O2,48.21965159867188,26.24097189717398,29.480450878333702,226.3824555382405,0.3927308283517297
36.55808217779958,42.7784864205036,0.6160926873705719,28.212728229406075,2.3595818954395815,62.6191855807241,250.53433329210608,24.199119546757807,276.0535718842077,99.8364925641803,0.24574338896919168,3.006419312194891,None,59.96390753879018,30.84259802695833,28.223623766828688,197.3706618261663,0.23343382852986092
68.03496176210703,0.1206731138327588,0.7425495573460817,7.090767886135966,3.742478347009241,86.17740649526652,144.53848296537836,12.145281010617431,148.6081647331366,83.51116348609142,0.2923350466724599,1.6449085334038778,None,81.36800309744572,26.0422870113288,32.54048973282376,251.97908329428608,0.23943221797472955
78.66617216934932,35.252593366867266,0.5991296148294726,12.802032374546936,0.967936953298762,12.865074397224245,241.11844374448862,27.515702234871245,69.59825109197047,106.92158366027141,0.14301418628326498,8.66236656424738,Air,49.638105903296996,27.040597763586046,31.66054354360708,197.58713154904086,0.30989355436493693
42.54063239926145,46.139706032462094,0.2531414076814015,14.842942068592743,4.4733825646360525,51.91262020269221,377.11187491152117,47.01383093801603,502.1916486602703,138.06090647658758,0.3085325947093474,7.410444842316383,Ar,56.8227006523001,30.134301205969564,26.14810976689804,89.41386324250891,0.7280663681278959
28.904923349034206,37.358785759214086,0.7957497918020869,29.18236304015662,3.961538832591225,25.284699733749292,135.885213184554,45.692735276134684,9.793481322709052,155.16965988384365,0.3414367058285689,5.188864491094005,O2,54.24945674467121,27.507348099929153,23.427611979984913,171.5883908791936,0.27538810414041526
